,Job Title,Job Location,Job Company,Search Engine,Lat,Lng
0,Financial and Business Data Analyst,Adelaide,Brentnalls SA,Brentnalls SA Adelaide,-34.9036296,138.5705199
1,Graduate Data Analyst & Programmer,Gold Coast,Tebbutt Research,Tebbutt Research Gold Coast,-27.9705906,153.4131154
2,Data Analyst/Manager,Sydney,Finite IT Recruitment Solutions,Finite IT Recruitment Solutions Sydney,-33.8667039,151.2083246
3,Data Analyst,Sydney,Naviro,Naviro Sydney,-33.863527,151.20763
4,Data Analyst,Sydney,Quay Appointments,Quay Appointments Sydney,-33.8640062,151.2064333
5,Senior Data Analyst,Sydney,Ethos BeathChapman,Ethos BeathChapman Sydney,-33.8640033,151.2065104
6,Data Analyst,Melbourne,Department of Justice and Community Safety,Department of Justice and Community Safety Melbourne,-37.812732,144.970403
8,Senior Data Analyst,ACT,Talent Street,Talent Street ACT,-35.3204843,149.0973561
9,Scientist (Data Analyst),Southern Highlands & Tablelands,"Department of Planning, Industry and Environment","Department of Planning, Industry and Environment Southern Highlands & Tablelands",-34.4249117,150.8988125
11,APS6 Policy/Data Analyst,ACT,First People Recruitment Solutions Pty Ltd,First People Recruitment Solutions Pty Ltd ACT,-35.278741,149.128795
12,Data Analyst Visualisation Specialist,ACT,Paxus,Paxus ACT,-35.2762871,149.128529
13,Senior Data Analyst,ACT,Recruitment Hive,Recruitment Hive ACT,-35.3429461,149.2451144
14,"Technical Data Analyst, Actuarial",Melbourne,MLC Life Insurance,MLC Life Insurance Melbourne,-37.8084117,144.9533527
15,Data Analyst,Melbourne,SANE Australia,SANE Australia Melbourne,-37.7981609,144.9581555
16,Data Analyst,Melbourne,The Royal Aust and NZ Coll of Obstetricians and Gynaecologists,The Royal Aust and NZ Coll of Obstetricians and Gynaecologists Melbourne,-37.810043,144.982608
17,Data Analyst,ACT,Peoplebank Australia ACT,Peoplebank Australia ACT ACT,-35.277428,149.128305
18,Data Analyst Visualisation Specialist,ACT,MTP Services,MTP Services ACT,-35.3247554,149.1672246
19,APS6 Policy Data Analyst,ACT,Karlka Recruiting Group,Karlka Recruiting Group ACT,-27.6539981,153.1653199
20,Policy/Data Analyst - APS6,ACT,Ignite,Ignite ACT,-35.3168055,149.1462475
21,Data Analyst - Finance Systems,Sydney,SustainAbility Consulting,SustainAbility Consulting Sydney,-33.86440839999999,151.204623
22,Operations /Data Analyst,Sydney,Credit Corp Group Limited,Credit Corp Group Limited Sydney,-33.86392,151.2036263
23,"Data, Measuring and Evaluation Coordinator - Backbone Team",Alice Springs & Central Australia,Barkly Regional Council,Barkly Regional Council Alice Springs & Central Australia,-19.6463678,134.1963555
24,Data Analyst - ASO4,Adelaide,Randstad Professionals,Randstad Professionals Adelaide,-34.9245402,138.6008465
25,APS6 Policy/Data Analyst,ACT,SOS Recruitment,SOS Recruitment ACT,-35.337949,149.180661
27,DIGITAL DATA  ANALYST,Sydney,Dymocks Retail,Dymocks Retail Sydney,-33.8698189,151.2070535
28,Data Analyst,Sydney,Fluent Commerce,Fluent Commerce Sydney,-33.8846022,151.2097801
29,Senior Data Analyst,ACT,Whizdom,Whizdom ACT,-35.2429284,149.0914853
30,Behaviour Data Analyst,Melbourne,Irabina Autism Services,Irabina Autism Services Melbourne,-37.8194084,145.2704315
31,Education Data Analyst,Northern QLD,"JCU: James Cook University, Australia","JCU: James Cook University, Australia Northern QLD",-19.3239872,146.7605092
33,APS6 Data Analyst,ACT,HorizonOne Recruitment,HorizonOne Recruitment ACT,-35.272575,149.1338219
34,Data Analyst and Operations Team Leader,Sydney,ManpowerGroup,ManpowerGroup Sydney,-33.86392,151.2036262
35,Senior Data Analyst,ACT,Calleo,Calleo ACT,-35.3150012,149.1293812
36,Spatial Data Analyst/Developer,Sydney,Hays Information Technology,Hays Information Technology Sydney,-33.865617,151.211688
37,Data Analyst Visualisation Specialist,ACT,Peoplebank Australia ACT,Peoplebank Australia ACT ACT,-35.277428,149.128305
39,Data Analyst,Brisbane,Woolworths Group,Woolworths Group Brisbane,-27.46853,153.0277733
40,Data Analyst,Melbourne,First Grade Recruitment,First Grade Recruitment Melbourne,-37.82283,144.917643
41,Senior Data Analyst | BIG W,Sydney,Big W,Big W Sydney,-33.944145,151.223524
42,Senior Data Analyst,Sydney,Redkite,Redkite Sydney,-33.8864296,151.2088055
43,Senior Data Analyst,ACT,NTT Ltd,NTT Ltd ACT,-35.2981012,149.1873301
45,Business Information Analyst,Sydney,Waste Options,Waste Options Sydney,-33.790234,150.88959
46,Data Analyst,ACT,Finite IT Recruitment Solutions,Finite IT Recruitment Solutions ACT,-35.2762871,149.128529
47,Senior Business/Data Analyst – Regulatory Reporting and Analytics Project,Sydney,Reserve Bank of Australia,Reserve Bank of Australia Sydney,-33.8680028,151.211975
49,Senior Data Analyst,ACT,Modis,Modis ACT,-35.3128084,149.1334361
51,SAP Manufacturing Master Data Analyst,Melbourne,Speller International,Speller International Melbourne,-37.799802,144.967938
52,"Data Analyst, National Data Acquisition Division",South West Coast VIC,Australian Bureau of Statistics,Australian Bureau of Statistics South West Coast VIC,-37.8192903,144.9438662
54,"Data Analyst, National Data Acquisition Division",ACT,Australian Bureau of Statistics,Australian Bureau of Statistics ACT,-35.240611,149.068061
56,Data Analyst - Salesforce & SAP,Sydney,Robert Walters,Robert Walters Sydney,-33.864235,151.211319
57,Marketing and Data Analyst - Salesforce,Sydney,Morgan McKinley,Morgan McKinley Sydney,-33.870053,151.204246
58,Data Analyst,Melbourne,Techtronic Industries,Techtronic Industries Melbourne,-37.897164,145.136371
59,"Senior Data Analyst (6 Month, Fixed Term Contract)",Sydney,Equifax Australia,Equifax Australia Sydney,-33.8398465,151.2096067
60,Junior Data Analyst,Sydney,Atos Australia,Atos Australia Sydney,-33.8354089,151.2048271
61,Pricing Analyst - Quantitative Data Analytics,Sydney,Woolworths Group,Woolworths Group Sydney,-33.736762,150.9507839
62,Data Analyst,Melbourne,REIV,REIV Melbourne,-37.833582,145.0599757
63,Senior Data Analyst,ACT,SOS Recruitment,SOS Recruitment ACT,-35.337949,149.180661
64,GIS & DATA ANALYST,Bunbury & South West,Shire of Dardanup,Shire of Dardanup Bunbury & South West,-33.325636,115.6396494
66,Research Analyst,Sydney,Kosec,Kosec Sydney,-33.8658605,151.2117412
67,Senior Consultant | Data Platforms & Advanced Analytics,Melbourne,Versor Pty Ltd,Versor Pty Ltd Melbourne,-37.8317133,144.9707533
68,Data Analyst,Sydney,Sydney Waste Pty Ltd,Sydney Waste Pty Ltd Sydney,-33.8384241,150.953436
69,Business Data Analyst,Perth,Compass Group,Compass Group Perth,-31.9492549,115.8686786
70,Multiple Data Analyst - Federal Government,Melbourne,Talent – Winner ‘Seek Large Recruitment Agency of the Year’ 3 consecutive years!,Talent – Winner ‘Seek Large Recruitment Agency of the Year’ 3 consecutive years! Melbourne,-37.8162635,144.9569084
71,Data Analyst,Brisbane,onpoint 365,onpoint 365 Brisbane,-35.2805652,149.125529
72,Procurement Data Analyst,Sydney,FutureYou,FutureYou Sydney,-33.8684303,151.2092144
74,Data Analyst,Brisbane,Peoplebank Australia QLD,Peoplebank Australia QLD Brisbane,-27.466811,153.024968
75,Lead Data Analyst,"Newcastle, Maitland & Hunter",CSIRO,"CSIRO Newcastle, Maitland & Hunter",-32.884454,151.728559
77,Lead Data Analyst,Sydney,CSIRO,CSIRO Sydney,-33.8957182,151.1968287
79,Lead Data Analyst,"Wollongong, Illawarra & South Coast",CSIRO,"CSIRO Wollongong, Illawarra & South Coast",-34.0486647,150.9814085
81,Lead Data Analyst,ACT,CSIRO,CSIRO ACT,-35.2748358,149.1142344
83,Lead Data Analyst,Melbourne,CSIRO,CSIRO Melbourne,-37.9062737,145.1319449
85,Lead Data Analyst,South West Coast VIC,CSIRO,CSIRO South West Coast VIC,-37.900838,144.686679
87,Lead Data Analyst,Hobart,CSIRO,CSIRO Hobart,-42.8863235,147.3364614
88,Reporting & Analytics Lead,Adelaide,Hays Information Technology,Hays Information Technology Adelaide,-34.924499,138.600375
91,Lead Data Analyst,Perth,CSIRO,CSIRO Perth,-31.9938095,115.8853902
93,Lead Data Analyst,Adelaide,CSIRO,CSIRO Adelaide,-34.921263,138.5895601
95,Lead Data Analyst,Brisbane,CSIRO,CSIRO Brisbane,-27.5282541,152.9107853
97,"Data Analyst, Conduct and Customer Outcomes",Sydney,Westpac Group,Westpac Group Sydney,-33.8671492,151.2064649
98,Data Analyst,Adelaide,ZANCOTT Recruitment,ZANCOTT Recruitment Adelaide,-34.914103,138.631236
99,Support Coordinator - Data Analyst,Sydney,Ability Options Ltd,Ability Options Ltd Sydney,-33.8165832,151.0002797
100,Advanced Analytics Data Analyst,Sydney,Allianz Australia Insurance Ltd,Allianz Australia Insurance Ltd Sydney,-33.870754,151.204619
101,Education Data Analyst,Cairns & Far North,Good to Great Schools Australia Limited,Good to Great Schools Australia Limited Cairns & Far North,-16.9073246,145.760816
102,Data Analyst,Brisbane,Paxus,Paxus Brisbane,-27.4706393,153.0287431
103,Data Analyst - Azure,Melbourne,Sirius Technology Melbourne part of Sirius People Pty Ltd,Sirius Technology Melbourne part of Sirius People Pty Ltd Melbourne,-37.819843,144.956633
104,Senior Data Analyst,Sydney,Plenti,Plenti Sydney,-33.867209,151.2082261
105,Data Analyst,Melbourne,99designs,99designs Melbourne,-37.8238077,144.9912602
106,Data Analyst,Brisbane,Karlka Recruiting Group,Karlka Recruiting Group Brisbane,-27.6539981,153.1653199
107,Data Analyst,Adelaide,Karlka Recruiting Group,Karlka Recruiting Group Adelaide,-27.6539981,153.1653199
109,Data Analyst  / Data Scientist,Sydney,Enterprise IT Resources Pty Ltd,Enterprise IT Resources Pty Ltd Sydney,-33.8648546,151.2061489
110,DIGITAL ANALYST,Melbourne,Shaver Shop Pty Ltd,Shaver Shop Pty Ltd Melbourne,-37.812196,144.961853
111,Business Analyst,Perth,Diverseco Pty Ltd,Diverseco Pty Ltd Perth,-32.0398968,115.8875256
112,Data Analyst,Perth,Verse Group,Verse Group Perth,-31.9509742,115.855653
113,Senior Data Analyst,Melbourne,Cleanaway Operations Pty Ltd,Cleanaway Operations Pty Ltd Melbourne,-37.8394424,144.9776422
114,Trainee Survey Draftsperson / Spatial Data Analyst,Melbourne,Balpara,Balpara Melbourne,-37.89831100000001,145.1114199
115,Finance Data Analyst (SQL) - Banking (Mandarin speaker),Sydney,Fitzgerald Jenkins Recruitment,Fitzgerald Jenkins Recruitment Sydney,-33.8670322,151.2056228
116,Data Analyst,Brisbane,Clicks IT Recruitment (QLD),Clicks IT Recruitment (QLD) Brisbane,-27.4656812,153.027805
117,Data Analyst,Melbourne,Newaim Pty Ltd,Newaim Pty Ltd Melbourne,-37.8011665,144.9302215
118,Data Analyst,Melbourne,bryco consulting,bryco consulting Melbourne,-37.7718015,144.9155287
119,Data Analyst Merchant Services,Sydney,Westpac Group,Westpac Group Sydney,-33.8671492,151.2064649
120,Data Analyst x 2,Sydney,Sirius Technology Sydney part of Sirius People Pty Ltd,Sirius Technology Sydney part of Sirius People Pty Ltd Sydney,-33.8646632,151.2043814
121,Financial Data Analyst,Sydney,Private Advertiser,Private Advertiser Sydney,-33.868364,151.209303
122,Data Analyst,Sydney,Motion Recruitment,Motion Recruitment Sydney,-33.885383,151.210779
123,Data Analyst,Melbourne,Department of Education and Training,Department of Education and Training Melbourne,-37.739936,144.9761542
127,Visual Data Analyst,ACT,Recruitment Hive,Recruitment Hive ACT,-35.3429461,149.2451144
128,Senior Business Data Analyst,Melbourne,Treasury Wine Estates Limited,Treasury Wine Estates Limited Melbourne,-37.8152634,144.9685468
129,Meter Data Analyst,Melbourne,AusNet Services,AusNet Services Melbourne,-37.821577,144.962359
130,Senior Data Analyst,Sydney,S2M,S2M Sydney,-33.88638359999999,151.209358
133,EDI and B2B Integration Developer,Melbourne,MessageXchange,MessageXchange Melbourne,-37.8150118,144.9592135
134,Data Analyst - Stock/Merchandise Planner,Melbourne,McKinley Green Pty Ltd,McKinley Green Pty Ltd Melbourne,-37.8148478,144.9628957
135,Data Analyst,Sydney,Caltex Australia,Caltex Australia Sydney,-33.867857,151.099422
136,R Programmer (Data Analyst),ACT,Ignite,Ignite ACT,-35.3168055,149.1462475
137,Data Analyst (Google Analytics),Sydney,Peoplebank Australia NSW,Peoplebank Australia NSW Sydney,-33.8678583,151.206902
138,Data Analyst- Commodities and Global Markets,Sydney,Macquarie Group Limited,Macquarie Group Limited Sydney,-33.8678538,151.2077469
139,Data Analyst,Sydney,Huxley Associates,Huxley Associates Sydney,-33.8712191,151.2045084
140,Data Analyst,Melbourne,Finite IT Recruitment Solutions,Finite IT Recruitment Solutions Melbourne,-37.8172829,144.960875
141,Data Analyst,Brisbane,Inspire,Inspire Brisbane,-27.4837434,153.002797
142,Data Analyst,Sydney,Endeavour Group,Endeavour Group Sydney,-33.9288745,151.1868374
143,Data Analyst - VPS 4 - 6 weeks contract,Melbourne,Hays Information Technology,Hays Information Technology Melbourne,-37.839099,144.977535
144,Data Analyst,Launceston & North East,City of Launceston,City of Launceston Launceston & North East,-41.43322149999999,147.1440875
147,Data Analyst,Melbourne,Leidos Australia Pty Ltd,Leidos Australia Pty Ltd Melbourne,-37.913722,145.2204039
148,Data Analyst (SQL/Excel),Sydney,Robert Half Technology,Robert Half Technology Sydney,-33.8687233,151.2066082
149,Data Analyst,Perth,WorkPac - Western Australia,WorkPac - Western Australia Perth,-31.9494975,115.8379158
150,Technical Data Analyst,Sydney,Bluefin Resources Pty Limited,Bluefin Resources Pty Limited Sydney,-33.8649484,151.2079552
151,Practice Data Analyst,Sydney,AMP Services Limited,AMP Services Limited Sydney,-33.9445604,151.2244514
152,IT Data Analyst,ACT,onpoint 365,onpoint 365 ACT,-35.2805652,149.125529
154,Systems Analyst Developer,Brisbane,MinterEllison,MinterEllison Brisbane,-27.470162,153.030586
155,Assistant Research Analyst,Brisbane,BPA Analytics,BPA Analytics Brisbane,-27.4698682,153.0280493
156,IT Data Analyst,ACT,Ignite,Ignite ACT,-35.3168055,149.1462475
158,Data Analyst,ACT,MTP Services,MTP Services ACT,-35.3247554,149.1672246
159,Data Analyst - Modelling,"Newcastle, Maitland & Hunter",GWG Partners,"GWG Partners Newcastle, Maitland & Hunter",-32.9320282,151.770752
160,Data Analyst - Modelling,Sydney,GWG Partners,GWG Partners Sydney,-32.9320282,151.770752
162,Data Analyst - R/SQL/Excel - Senior,Sydney,Huxley Associates,Huxley Associates Sydney,-33.8712191,151.2045084
163,Data Analyst,Sydney,Macquarie Group Limited,Macquarie Group Limited Sydney,-33.8678538,151.2077469
164,Data Analyst,ACT,Hays Information Technology,Hays Information Technology ACT,-35.27586429999999,149.1270574
165,Data Analyst,Brisbane,NOVA Partners,NOVA Partners Brisbane,-33.8664694,151.2081817
166,Data Analyst,ACT,Hudson - Project Services,Hudson - Project Services ACT,-35.2758978,149.1279799
167,Senior Healthcare Data Analyst,Sydney,icare,icare Sydney,-33.867733,151.2039031
168,Senior Data Analyst,Brisbane,Perigon Group Pty Limited,Perigon Group Pty Limited Brisbane,-27.4671957,153.0278713
172,Digital Data Analyst,Sydney,Aurec,Aurec Sydney,-33.863379,151.2081514
174,Data Analyst - Delivery & Fulfillment,Sydney,Endeavour Group,Endeavour Group Sydney,-33.9288745,151.1868374
175,Junior Finance Analyst,Adelaide,Brentnalls SA,Brentnalls SA Adelaide,-34.9036296,138.5705199
176,Client Analyst,Sydney,Rystad Energy,Rystad Energy Sydney,-33.8651342,151.2021367
178,"Data Analysts (Multiple) - Brisbane, Adelaide & Newcastle",Brisbane,MTP Services,MTP Services Brisbane,-35.3247554,149.1672246
180,Data Insights/Strategy Analyst,Sydney,Talent Connect Australia,Talent Connect Australia Sydney,-33.8646363,151.209464
181,Senior Developer,Blue Mountains & Central West,The Department of Customer Service,The Department of Customer Service Blue Mountains & Central West,-33.7048744,150.3210515
182,Data Analyst - Instore Digital,Sydney,Endeavour Group,Endeavour Group Sydney,-33.9288745,151.1868374
183,Data Analyst,ACT,Adactin Group Pty. Ltd.,Adactin Group Pty. Ltd. ACT,-33.8134918,151.004916
184,Data Analyst,Melbourne,Catch Group Pty Ltd,Catch Group Pty Ltd Melbourne,-37.9083946,145.0617753
185,Data Analyst,Adelaide,ASC,ASC Adelaide,-34.7830162,138.5103518
186,Data Analyst,Melbourne,Randstad - Commercial,Randstad - Commercial Melbourne,-37.7267047,144.8928074
187,Data Analyst - Digital,Melbourne,Catch Group Pty Ltd,Catch Group Pty Ltd Melbourne,-37.9083946,145.0617753
191,Data Analyst,Sydney,M&T Resources,M&T Resources Sydney,-35.457536,149.0924807
192,Salesforce / Data Analyst,Sydney,iknowho pty ltd,iknowho pty ltd Sydney,-33.8376075,151.2056462
193,"Data Analyst (APS5, APS6, EL1)",ACT,On Q Recruitment Pty Ltd,On Q Recruitment Pty Ltd ACT,-35.272575,149.1338219
196,APS4 Data Analyst,ACT,Hays Office Support,Hays Office Support ACT,-35.27586429999999,149.1270574
197,BI Developer,Sydney,Clicks IT Recruitment,Clicks IT Recruitment Sydney,-33.8649488,151.2044793
198,Commercial Business Analyst,Sydney,Boral Ltd,Boral Ltd Sydney,-33.8412663,151.207498
199,Technical Lead,Sydney,SAI Global,SAI Global Sydney,-33.877464,151.206218
200,Master Data Analyst,Sydney,Peoplebank Australia NSW,Peoplebank Australia NSW Sydney,-33.8678583,151.206902
201,Data Analyst - Retail Banking,Sydney,TL Consulting Group,TL Consulting Group Sydney,-33.867209,151.2082261
205,Data Analyst,Melbourne,Netwealth Investments Limited,Netwealth Investments Limited Melbourne,-37.8135921,144.971868
206,Senior Actuarial Data Analyst - Life Insurance,Sydney,Ethos BeathChapman,Ethos BeathChapman Sydney,-33.8640033,151.2065104
207,"Retail Data Analyst - SQL, PowerBI, Tableau or Qlik!",Melbourne,Talent Insights Group Pty Ltd,Talent Insights Group Pty Ltd Melbourne,-33.8663251,151.206584
212,Senior Data Analyst,Melbourne,Davidson Technology,Davidson Technology Melbourne,-37.817613,144.957484
213,Data & Business Analyst - Sales,Sydney,SALT SEARCH PTY LTD,SALT SEARCH PTY LTD Sydney,-33.8686113,151.2047709
214,Junior Data Analyst,Brisbane,Mansell Taylor Consulting,Mansell Taylor Consulting Brisbane,-27.4669999,153.029216
216,Start your new career as a Data Analyst,Sydney,The Data School Pty Ltd,The Data School Pty Ltd Sydney,-33.8655917,151.2078145
217,Reporting Analyst,Melbourne,FourQuarters Recruitment,FourQuarters Recruitment Melbourne,-37.8191169,144.9556212
218,Data Analyst,Perth,Michael Page Information Technology,Michael Page Information Technology Perth,-31.9545626,115.8542388
219,Statistical Data Analysts,ACT,Australian Bureau of Statistics,Australian Bureau of Statistics ACT,-35.240611,149.068061
220,Commercial Analyst,ACT,ActewAGL Distribution,ActewAGL Distribution ACT,-35.277762,149.131115
221,Data Scientist - Mid + Senior Positions Available,Melbourne,Detector Inspector,Detector Inspector Melbourne,-37.889562,145.065001
223,Statistical Data Analysts,Adelaide,Australian Bureau of Statistics,Australian Bureau of Statistics Adelaide,-34.925938,138.598763
226,Data Analyst,Sydney,SALT SEARCH PTY LTD,SALT SEARCH PTY LTD Sydney,-33.8686113,151.2047709
227,Senior Data Analyst,Adelaide,CENTORRINO TECHNOLOGIES PTY LTD,CENTORRINO TECHNOLOGIES PTY LTD Adelaide,-34.9259462,138.6034022
228,Business Intelligence / Data Analyst,ACT,Green Light PS Pty Ltd,Green Light PS Pty Ltd ACT,-35.284844,149.1246558
229,BI Analyst,Perth,Professional Search Group,Professional Search Group Perth,-31.9533815,115.8536303
230,Senior Data Analyst,Brisbane,Bluefin Resources Pty Limited,Bluefin Resources Pty Limited Brisbane,-33.8649484,151.2079552
231,Data Analyst/ Engineer,Sydney,T+O+M Executive,T+O+M Executive Sydney,-33.8738175,151.2096189
233,Data Analyst,Sydney,Healthcare Professionals Group,Healthcare Professionals Group Sydney,-33.8688551,151.2101734
234,Graduate Estate Data Analyst,Melbourne,Broadspectrum (Australia) Pty Ltd,Broadspectrum (Australia) Pty Ltd Melbourne,-37.844103,144.979362
235,GIS and Data analyst,Perth,Aurecon,Aurecon Perth,-31.9517122,115.8541227
236,Data Insights Analyst,Sydney,Freedom Foods Group Limited,Freedom Foods Group Limited Sydney,-34.0243296,151.1171151
237,Investment Data Analyst,Sydney,Kapital Consulting,Kapital Consulting Sydney,-33.86584819999999,151.2098204
239,IT Professionals - Expression of Interest,Sydney,First Grade Recruitment,First Grade Recruitment Sydney,-27.4812498,153.0421005
240,IT Professionals - Expression of Interest,Melbourne,First Grade Recruitment,First Grade Recruitment Melbourne,-37.82283,144.917643
241,IT Professionals - Expression of Interest,Brisbane,First Grade Recruitment,First Grade Recruitment Brisbane,-27.4812498,153.0421005
